number,ticker,source,cik,year,target,cticker,ccik
1,BMY,BRISTOL-MYERS SQUIBB CO,14272,2017,FDA,FDAGX,320351
1,BMY,BRISTOL-MYERS SQUIBB CO,14272,2017,Merck,MRK,310158
61,PFE,PFIZER INC,78003,2017,HIS,HSGX,1372299
61,PFE,PFIZER INC,78003,2017,FDA,FDAGX,320351
61,PFE,PFIZER INC,78003,2017,Pfizer,PFE,78003
61,PFE,PFIZER INC,78003,2017,Johnson & Johnson,JNJ,200406
61,PFE,PFIZER INC,78003,2017,"Teva Pharmaceuticals USA, Inc.",TSLA,1318605
61,PFE,PFIZER INC,78003,2017,Alliance,WBA,1618921
61,PFE,PFIZER INC,78003,2017,ACA,ACA,1739445
61,PFE,PFIZER INC,78003,2017,Consumer Healthcare,PBH,1295947
61,PFE,PFIZER INC,78003,2017,Meridian,EBSB,1411974
61,PFE,PFIZER INC,78003,2017,Pfizer Inc.,PFE,78003
61,PFE,PFIZER INC,78003,2017,Healthcare,THC,70318
61,PFE,PFIZER INC,78003,2017,Congress,CMLIX,811030
61,PFE,PFIZER INC,78003,2017,DEA,DEA,1622194
61,PFE,PFIZER INC,78003,2017,EMA,EMAN,1046995
61,PFE,PFIZER INC,78003,2017,FCPA,FCPAX,729218
84,JNJ,JOHNSON & JOHNSON,200406,2017,JOHNSON & JOHNSON,JNJ,200406
84,JNJ,JOHNSON & JOHNSON,200406,2017,Company,BA,12927
84,JNJ,JOHNSON & JOHNSON,200406,2017,Johnson & Johnson,JNJ,200406
84,JNJ,JOHNSON & JOHNSON,200406,2017,FDA,FDAGX,320351
84,JNJ,JOHNSON & JOHNSON,200406,2017,ANDA,ANDA,1691936
84,JNJ,JOHNSON & JOHNSON,200406,2017,"the Federal Food, Drug",CJJD,1413263
85,JNJ,JOHNSON & JOHNSON,200406,2017,JOHNSON & JOHNSON,JNJ,200406
85,JNJ,JOHNSON & JOHNSON,200406,2017,Company,BA,12927
85,JNJ,JOHNSON & JOHNSON,200406,2017,FDA,FDAGX,320351
85,JNJ,JOHNSON & JOHNSON,200406,2017,Pfizer Inc.,PFE,78003
85,JNJ,JOHNSON & JOHNSON,200406,2017,Johnson & Johnson,JNJ,200406
85,JNJ,JOHNSON & JOHNSON,200406,2017,ANDA,ANDA,1691936
85,JNJ,JOHNSON & JOHNSON,200406,2017,"the Federal Food, Drug",CJJD,1413263
103,MRK,MERCK & CO. INC.,310158,2017,Company,BA,12927
103,MRK,MERCK & CO. INC.,310158,2017,FDA,FDAGX,320351
103,MRK,MERCK & CO. INC.,310158,2017,EMA,EMAN,1046995
103,MRK,MERCK & CO. INC.,310158,2017,ii)U.S.,JSGAX,1329954
103,MRK,MERCK & CO. INC.,310158,2017,ACA,ACA,1739445
103,MRK,MERCK & CO. INC.,310158,2017,Merck,MRK,310158
103,MRK,MERCK & CO. INC.,310158,2017,Congress,CMLIX,811030
103,MRK,MERCK & CO. INC.,310158,2017,CMS,CMS,811156
103,MRK,MERCK & CO. INC.,310158,2017,Animal Health,ELAN,1739104
103,MRK,MERCK & CO. INC.,310158,2017,BLA,BX,1393818
127,AMGN,AMGEN INC,318154,2017,ACA,ACA,1739445
127,AMGN,AMGEN INC,318154,2017,CMS,CMS,811156
127,AMGN,AMGEN INC,318154,2017,FDA,FDAGX,320351
127,AMGN,AMGEN INC,318154,2017,FDCA,FDCAX,275309
127,AMGN,AMGEN INC,318154,2017,HTA,HTA,1360604
127,AMGN,AMGEN INC,318154,2017,EMA,EMAN,1046995
127,AMGN,AMGEN INC,318154,2017,PFS,PFS,1178970
127,AMGN,AMGEN INC,318154,2017,EC,EC,1444406
127,AMGN,AMGEN INC,318154,2017,ESA,ESALY,948406
127,AMGN,AMGEN INC,318154,2017,AstraZeneca,AZN,901832
127,AMGN,AMGEN INC,318154,2017,Central,CETV,925645
127,AMGN,AMGEN INC,318154,2017,Amgen,AMGN,318154
127,AMGN,AMGEN INC,318154,2017,RAR,RARX,1481512
127,AMGN,AMGEN INC,318154,2017,Insulet Corporation,PODD,1145197
127,AMGN,AMGEN INC,318154,2017,AmerisourceBergen Corporation,ABC,1140859
127,AMGN,AMGEN INC,318154,2017,McKesson Corporation,MCK,927653
127,AMGN,AMGEN INC,318154,2017,"Cardinal Health,",CAH,721371
127,AMGN,AMGEN INC,318154,2017,Merck,MRK,310158
150,CELG,CELGENE CORP,816284,2017,FDA,FDAGX,320351
150,CELG,CELGENE CORP,816284,2017,ADR,ADRO,1435049
150,CELG,CELGENE CORP,816284,2017,GPO,GPOR,874499
150,CELG,CELGENE CORP,816284,2017,Celgene,CELG,816284
150,CELG,CELGENE CORP,816284,2017,EMA,EMAN,1046995
150,CELG,CELGENE CORP,816284,2017,AbbVie,ABBV,1551152
150,CELG,CELGENE CORP,816284,2017,Amgen,AMGN,318154
150,CELG,CELGENE CORP,816284,2017,AstraZeneca,AZN,901832
150,CELG,CELGENE CORP,816284,2017,Bristol-Myers-Squibb,BMY,14272
150,CELG,CELGENE CORP,816284,2017,"Eisai, Gilead, Johnson & Johnson",ESALY,948406
150,CELG,CELGENE CORP,816284,2017,Merck,MRK,310158
150,CELG,CELGENE CORP,816284,2017,Biogen,BIIB,875045
150,CELG,CELGENE CORP,816284,2017,Eisai,ESALY,948406
150,CELG,CELGENE CORP,816284,2017,Eli Lilly,LLY,59478
150,CELG,CELGENE CORP,816284,2017,Johnson & Johnson,JNJ,200406
150,CELG,CELGENE CORP,816284,2017,Novartis,NVS,1114448
150,CELG,CELGENE CORP,816284,2017,Pfizer,PFE,78003
150,CELG,CELGENE CORP,816284,2017,"Impact BioMedicines, Inc.",TSLA,1318605
150,CELG,CELGENE CORP,816284,2017,"Juno Therapeutics, Inc.",TSLA,1318605
150,CELG,CELGENE CORP,816284,2017,"the U.S. Federal Food, Drug",CJJD,1413263
150,CELG,CELGENE CORP,816284,2017,"Abraxis BioScience,Inc.",TSLA,1318605
150,CELG,CELGENE CORP,816284,2017,CVR,CVR,19871
190,REGN,REGENERON PHARMACEUTICALS,872589,2017,Bayer,BAYRY,1144145
190,REGN,REGENERON PHARMACEUTICALS,872589,2017,FDA,FDAGX,320351
190,REGN,REGENERON PHARMACEUTICALS,872589,2017,AMD,AMD,2488
190,REGN,REGENERON PHARMACEUTICALS,872589,2017,Novartis,NVS,1114448
190,REGN,REGENERON PHARMACEUTICALS,872589,2017,BRVO,BRVO,1061029
190,REGN,REGENERON PHARMACEUTICALS,872589,2017,Momenta Pharmaceuticals,MNTA,1235010
190,REGN,REGENERON PHARMACEUTICALS,872589,2017,Mylan,MYL,1623613
190,REGN,REGENERON PHARMACEUTICALS,872589,2017,TRACON,TCON,1394319
190,REGN,REGENERON PHARMACEUTICALS,872589,2017,Amgen,AMGN,318154
190,REGN,REGENERON PHARMACEUTICALS,872589,2017,AstraZeneca,AZN,901832
190,REGN,REGENERON PHARMACEUTICALS,872589,2017,AnaptysBio,ANAB,1370053
190,REGN,REGENERON PHARMACEUTICALS,872589,2017,Pfizer,PFE,78003
190,REGN,REGENERON PHARMACEUTICALS,872589,2017,JAK,JAKK,1009829
190,REGN,REGENERON PHARMACEUTICALS,872589,2017,AbbVie,ABBV,1551152
190,REGN,REGENERON PHARMACEUTICALS,872589,2017,Alnylam Pharmaceuticals,ALNY,1178670
190,REGN,REGENERON PHARMACEUTICALS,872589,2017,The Medicines Company,MDCO,1113481
190,REGN,REGENERON PHARMACEUTICALS,872589,2017,Esperion Therapeutics,ESPR,1434868
190,REGN,REGENERON PHARMACEUTICALS,872589,2017,Gemphire Therapeutics,GEMP,1128749
190,REGN,REGENERON PHARMACEUTICALS,872589,2017,"Alder Biopharmaceuticals,",ALDR,1423824
190,REGN,REGENERON PHARMACEUTICALS,872589,2017,BLA,BX,1393818
190,REGN,REGENERON PHARMACEUTICALS,872589,2017,Eli Lilly,LLY,59478
190,REGN,REGENERON PHARMACEUTICALS,872589,2017,Merck,MRK,310158
190,REGN,REGENERON PHARMACEUTICALS,872589,2017,Ionis Pharmaceuticals,IONS,874015
190,REGN,REGENERON PHARMACEUTICALS,872589,2017,CMS,CMS,811156
190,REGN,REGENERON PHARMACEUTICALS,872589,2017,FCPA,FCPAX,729218
190,REGN,REGENERON PHARMACEUTICALS,872589,2017,Congress,CMLIX,811030
190,REGN,REGENERON PHARMACEUTICALS,872589,2017,Regeneron,REGN,872589
190,REGN,REGENERON PHARMACEUTICALS,872589,2017,Development,CDEV,1658566
190,REGN,REGENERON PHARMACEUTICALS,872589,2017,LLC,APO,1411494
190,REGN,REGENERON PHARMACEUTICALS,872589,2017,Biogen,BIIB,875045
190,REGN,REGENERON PHARMACEUTICALS,872589,2017,GCP,GCP,1644440
190,REGN,REGENERON PHARMACEUTICALS,872589,2017,Common Stock,EOLS,1570562
190,REGN,REGENERON PHARMACEUTICALS,872589,2017,II,IIPR,1677576
212,BIIB,BIOGEN INC,875045,2017,MS,MS,895421
212,BIIB,BIOGEN INC,875045,2017,FDA,FDAGX,320351
212,BIIB,BIOGEN INC,875045,2017,EC,EC,1444406
212,BIIB,BIOGEN INC,875045,2017,CRO,CRON,1656472
212,BIIB,BIOGEN INC,875045,2017,Biogen,BIIB,875045
231,VRTX,VERTEX PHARMACEUTICALS INC,875320,2017,FDA,FDAGX,320351
231,VRTX,VERTEX PHARMACEUTICALS INC,875320,2017,EMA,EMAN,1046995
231,VRTX,VERTEX PHARMACEUTICALS INC,875320,2017,MAA,MAA,912595
231,VRTX,VERTEX PHARMACEUTICALS INC,875320,2017,Bristol-Myers Squibb,BMY,14272
231,VRTX,VERTEX PHARMACEUTICALS INC,875320,2017,"Gilead, Johnson& Johnson",GILD,882095
231,VRTX,VERTEX PHARMACEUTICALS INC,875320,2017,Merck,MRK,310158
231,VRTX,VERTEX PHARMACEUTICALS INC,875320,2017,Novartis,NVS,1114448
231,VRTX,VERTEX PHARMACEUTICALS INC,875320,2017,CF,CF,1324404
231,VRTX,VERTEX PHARMACEUTICALS INC,875320,2017,Galapagos NV,GLPG,1421876
231,VRTX,VERTEX PHARMACEUTICALS INC,875320,2017,AbbVie,ABBV,1551152
231,VRTX,VERTEX PHARMACEUTICALS INC,875320,2017,ACA,ACA,1739445
231,VRTX,VERTEX PHARMACEUTICALS INC,875320,2017,Interim,SFITX,93715
231,VRTX,VERTEX PHARMACEUTICALS INC,875320,2017,Moderna,MRNA,1682852
231,VRTX,VERTEX PHARMACEUTICALS INC,875320,2017,FDCA,FDCAX,275309
231,VRTX,VERTEX PHARMACEUTICALS INC,875320,2017,ANDA,ANDA,1691936
231,VRTX,VERTEX PHARMACEUTICALS INC,875320,2017,Vertex,VRTX,875320
251,INCY,INCYTE CORP,879169,2017,DE,DE,315189
251,INCY,INCYTE CORP,879169,2017,FDA,FDAGX,320351
251,INCY,INCYTE CORP,879169,2017,Novartis,NVS,1114448
251,INCY,INCYTE CORP,879169,2017,"ARIAD Pharmaceuticals, Inc.",TSLA,1318605
251,INCY,INCYTE CORP,879169,2017,EMA,EMAN,1046995
251,INCY,INCYTE CORP,879169,2017,Sunshine,NATR,275053
251,INCY,INCYTE CORP,879169,2017,Celgene Corporation,CELG,816284
251,INCY,INCYTE CORP,879169,2017,CML,CMLS,1058623
251,INCY,INCYTE CORP,879169,2017,NDA,NDAQ,1120193
251,INCY,INCYTE CORP,879169,2017,MET,MET,1099219
251,INCY,INCYTE CORP,879169,2017,Lilly,LLY,59478
251,INCY,INCYTE CORP,879169,2017,Labor,ABT,1800
251,INCY,INCYTE CORP,879169,2017,Agenus Inc.,AGEN,1098972
251,INCY,INCYTE CORP,879169,2017,"Calithera Biosciences, Inc.",CALA,1496671
251,INCY,INCYTE CORP,879169,2017,"MacroGenics, Inc.",MGNX,1125345
251,INCY,INCYTE CORP,879169,2017,Merus N.V.,MRUS,1651311
251,INCY,INCYTE CORP,879169,2017,"Syros Pharmaceuticals, Inc.",SYRS,1556263
251,INCY,INCYTE CORP,879169,2017,Court,HMG,311817
251,INCY,INCYTE CORP,879169,2017,DATA,DATA,1303652
272,GILD,GILEAD SCIENCES INC,882095,2017,HCV,HCVEX,934563
272,GILD,GILEAD SCIENCES INC,882095,2017,TAF,TAFTX,794389
272,GILD,GILEAD SCIENCES INC,882095,2017,Kite,KRG,1286043
272,GILD,GILEAD SCIENCES INC,882095,2017,McKesson Corp.,MCK,927653
272,GILD,GILEAD SCIENCES INC,882095,2017,AmerisourceBergen Corp.,ABC,1140859
272,GILD,GILEAD SCIENCES INC,882095,2017,"Cardinal Health,",CAH,721371
272,GILD,GILEAD SCIENCES INC,882095,2017,FDA,FDAGX,320351
272,GILD,GILEAD SCIENCES INC,882095,2017,"Merck & Co.,",MRK,310158
272,GILD,GILEAD SCIENCES INC,882095,2017,Merck,MRK,310158
272,GILD,GILEAD SCIENCES INC,882095,2017,CAFC,CAFCX,4405
272,GILD,GILEAD SCIENCES INC,882095,2017,AbbVie Inc.,ABBV,1551152
272,GILD,GILEAD SCIENCES INC,882095,2017,AbbVie,ABBV,1551152
272,GILD,GILEAD SCIENCES INC,882095,2017,Bristol-Myers Squibb Company,BMY,14272
272,GILD,GILEAD SCIENCES INC,882095,2017,Novartis,NVS,1114448
272,GILD,GILEAD SCIENCES INC,882095,2017,"Actelion Pharmaceuticals US, Inc.",TSLA,1318605
272,GILD,GILEAD SCIENCES INC,882095,2017,United Therapeutics Corporation,UTHR,1082554
272,GILD,GILEAD SCIENCES INC,882095,2017,Pfizer Inc.,PFE,78003
272,GILD,GILEAD SCIENCES INC,882095,2017,EMA,EMAN,1046995
272,GILD,GILEAD SCIENCES INC,882095,2017,Ionis Pharmaceuticals,IONS,874015
272,GILD,GILEAD SCIENCES INC,882095,2017,the U.S.,HCUSX,934563
272,GILD,GILEAD SCIENCES INC,882095,2017,University,NAUH,1399855
272,GILD,GILEAD SCIENCES INC,882095,2017,"Medicines, Access & KnowledgeIn",MDCO,1113481
272,GILD,GILEAD SCIENCES INC,882095,2017,"Medicines, Access & Knowledge",MDCO,1113481
272,GILD,GILEAD SCIENCES INC,882095,2017,Mylan,MYL,1623613
272,GILD,GILEAD SCIENCES INC,882095,2017,Amneal,AMRX,1723128
290,ALXN,ALEXION PHARMACEUTICALS INC,899866,2017,HTA,HTA,1360604
290,ALXN,ALEXION PHARMACEUTICALS INC,899866,2017,FDA,FDAGX,320351
290,ALXN,ALEXION PHARMACEUTICALS INC,899866,2017,EMA,EMAN,1046995
290,ALXN,ALEXION PHARMACEUTICALS INC,899866,2017,EC,EC,1444406
290,ALXN,ALEXION PHARMACEUTICALS INC,899866,2017,BLA,BX,1393818
290,ALXN,ALEXION PHARMACEUTICALS INC,899866,2017,FCPA,FCPAX,729218
290,ALXN,ALEXION PHARMACEUTICALS INC,899866,2017,IRB,IRBT,1159167
290,ALXN,ALEXION PHARMACEUTICALS INC,899866,2017,MG,MG,1436126
290,ALXN,ALEXION PHARMACEUTICALS INC,899866,2017,Company,BA,12927
290,ALXN,ALEXION PHARMACEUTICALS INC,899866,2017,Development,CDEV,1658566
290,ALXN,ALEXION PHARMACEUTICALS INC,899866,2017,CMS,CMS,811156
290,ALXN,ALEXION PHARMACEUTICALS INC,899866,2017,Congress,CMLIX,811030
290,ALXN,ALEXION PHARMACEUTICALS INC,899866,2017,HHS,HHS,45919
290,ALXN,ALEXION PHARMACEUTICALS INC,899866,2017,FSS,FSS,277509
290,ALXN,ALEXION PHARMACEUTICALS INC,899866,2017,FCP,FCPT,1650132
315,ABBV,ABBVIE INC,1551152,2017,AbbVie,ABBV,1551152
315,ABBV,ABBVIE INC,1551152,2017,FDA,FDAGX,320351
315,ABBV,ABBVIE INC,1551152,2017,Form,FORM,1039399
315,ABBV,ABBVIE INC,1551152,2017,TNF,TNFAX,1605941
315,ABBV,ABBVIE INC,1551152,2017,Abbott,ABT,1800
315,ABBV,ABBVIE INC,1551152,2017,CIA,CIA,24090
315,ABBV,ABBVIE INC,1551152,2017,McKesson Corporation,MCK,927653
315,ABBV,ABBVIE INC,1551152,2017,"Cardinal Health,Inc.",CAH,721371
315,ABBV,ABBVIE INC,1551152,2017,AmerisourceBergen Corporation,ABC,1140859
321,ZTS,ZOETIS INC,1555280,2017,Pfizer,PFE,78003
321,ZTS,ZOETIS INC,1555280,2017,Form,FORM,1039399
321,ZTS,ZOETIS INC,1555280,2017,FDA,FDAGX,320351
321,ZTS,ZOETIS INC,1555280,2017,OFAC,OFACX,1027596
321,ZTS,ZOETIS INC,1555280,2017,United,UPS,1090727
321,ZTS,ZOETIS INC,1555280,2017,Zoetis,ZTS,1555280
327,MNK,MALLINCKRODT PLC,1567892,2017,FDA,FDAGX,320351
327,MNK,MALLINCKRODT PLC,1567892,2017,DEA,DEA,1622194
327,MNK,MALLINCKRODT PLC,1567892,2017,Bristol-Myers Squibb Company,BMY,14272
327,MNK,MALLINCKRODT PLC,1567892,2017,ECP,ECPG,1084961
327,MNK,MALLINCKRODT PLC,1567892,2017,UVA,UVALX,908695
327,MNK,MALLINCKRODT PLC,1567892,2017,CSA,CSA,1332896
327,MNK,MALLINCKRODT PLC,1567892,2017,LSD,LSDAX,737800
327,MNK,MALLINCKRODT PLC,1567892,2017,AmerisourceBergen,ABC,1140859
327,MNK,MALLINCKRODT PLC,1567892,2017,"Cardinal Health, Inc.",CAH,721371
327,MNK,MALLINCKRODT PLC,1567892,2017,McKesson Corporation,MCK,927653
327,MNK,MALLINCKRODT PLC,1567892,2017,GPO,GPOR,874499
327,MNK,MALLINCKRODT PLC,1567892,2017,IDN,IDN,1040896
327,MNK,MALLINCKRODT PLC,1567892,2017,DESI,CDNS,813672
327,MNK,MALLINCKRODT PLC,1567892,2017,NDA,NDAQ,1120193
327,MNK,MALLINCKRODT PLC,1567892,2017,Mallinckrodt,MNK,1567892
327,MNK,MALLINCKRODT PLC,1567892,2017,"Questcor Pharmaceuticals, Inc.",TSLA,1318605
327,MNK,MALLINCKRODT PLC,1567892,2017,EPA,EPAM,1352010
327,MNK,MALLINCKRODT PLC,1567892,2017,Medtronic,MDT,1613103
327,MNK,MALLINCKRODT PLC,1567892,2017,Separation,ASPT,779390
327,MNK,MALLINCKRODT PLC,1567892,2017,Congress,CMLIX,811030
332,PRGO,PERRIGO CO PLC,1585364,2017,CHCA,CHCAX,915802
332,PRGO,PERRIGO CO PLC,1585364,2017,CHCI,CHCI,1299969
332,PRGO,PERRIGO CO PLC,1585364,2017,Products,EPD,1061219
332,PRGO,PERRIGO CO PLC,1585364,2017,FDA,FDAGX,320351
332,PRGO,PERRIGO CO PLC,1585364,2017,DEA,DEA,1622194
332,PRGO,PERRIGO CO PLC,1585364,2017,CMS,CMS,811156
332,PRGO,PERRIGO CO PLC,1585364,2017,AMP,AMP,820027
332,PRGO,PERRIGO CO PLC,1585364,2017,BP,BP,313807
332,PRGO,PERRIGO CO PLC,1585364,2017,ASP,AZPN,929940
332,PRGO,PERRIGO CO PLC,1585364,2017,FUL,FUL,39368
332,PRGO,PERRIGO CO PLC,1585364,2017,FSS,FSS,277509
332,PRGO,PERRIGO CO PLC,1585364,2017,FCP,FCPT,1650132
332,PRGO,PERRIGO CO PLC,1585364,2017,Walmart,WMT,104169
332,PRGO,PERRIGO CO PLC,1585364,2017,Animal Health,ELAN,1739104
332,PRGO,PERRIGO CO PLC,1585364,2017,Management,NLY,1043219
332,PRGO,PERRIGO CO PLC,1585364,2017,FCPA,FCPAX,729218
332,PRGO,PERRIGO CO PLC,1585364,2017,Omega,OHI,888491
332,PRGO,PERRIGO CO PLC,1585364,2017,Perrigo,PRGO,1585364
332,PRGO,PERRIGO CO PLC,1585364,2017,at,T,732717
332,PRGO,PERRIGO CO PLC,1585364,2017,Perrigo Company,PRGO,1585364
332,PRGO,PERRIGO CO PLC,1585364,2017,Elan,ELAN,1739104
332,PRGO,PERRIGO CO PLC,1585364,2017,"Elan, Perrigo Company",ELAN,1739104
332,PRGO,PERRIGO CO PLC,1585364,2017,Development,CDEV,1658566
332,PRGO,PERRIGO CO PLC,1585364,2017,Form,FORM,1039399
336,MYL,MYLAN NV,1623613,2017,Company,BA,12927
336,MYL,MYLAN NV,1623613,2017,Mylan,MYL,1623613
336,MYL,MYLAN NV,1623613,2017,Abbott,ABT,1800
336,MYL,MYLAN NV,1623613,2017,INCOME,O,726728
336,MYL,MYLAN NV,1623613,2017,WE,WFC,72971
336,MYL,MYLAN NV,1623613,2017,SOCIAL,IPOA,1706946
336,MYL,MYLAN NV,1623613,2017,Congress,CMLIX,811030
336,MYL,MYLAN NV,1623613,2017,Meda,MDLA,1540184
336,MYL,MYLAN NV,1623613,2017,FDA,FDAGX,320351
336,MYL,MYLAN NV,1623613,2017,DEA,DEA,1622194
336,MYL,MYLAN NV,1623613,2017,NDA,NDAQ,1120193
336,MYL,MYLAN NV,1623613,2017,EMA,EMAN,1046995
336,MYL,MYLAN NV,1623613,2017,DEVELOPMENT,CDEV,1658566
336,MYL,MYLAN NV,1623613,2017,BRANDS,TUP,1008654
336,MYL,MYLAN NV,1623613,2017,SAFETY,MSA,66570
336,MYL,MYLAN NV,1623613,2017,SITUATION,FISSX,886048
336,MYL,MYLAN NV,1623613,2017,TIME,NYT,71691
336,MYL,MYLAN NV,1623613,2017,"Cardinal Health, Inc.",CAH,721371
336,MYL,MYLAN NV,1623613,2017,McKesson Corporation,MCK,927653
336,MYL,MYLAN NV,1623613,2017,CMS,CMS,811156
336,MYL,MYLAN NV,1623613,2017,AMP,AMP,820027
336,MYL,MYLAN NV,1623613,2017,CIA,CIA,24090
336,MYL,MYLAN NV,1623613,2017,Mylan N.V.,MYL,1623613
336,MYL,MYLAN NV,1623613,2017,DATA,DATA,1303652
339,ACETQ,ACETO CORP,2034,2017,FDA,FDAGX,320351
339,ACETQ,ACETO CORP,2034,2017,USP,USPH,885978
339,ACETQ,ACETO CORP,2034,2017,NDA,NDAQ,1120193
339,ACETQ,ACETO CORP,2034,2017,Aceto,ACETQ,2034
339,ACETQ,ACETO CORP,2034,2017,State,X,1163302
339,ACETQ,ACETO CORP,2034,2017,PRP,PRPO,1043961
339,ACETQ,ACETO CORP,2034,2017,Company,BA,12927
339,ACETQ,ACETO CORP,2034,2017,EPA,EPAM,1352010
339,ACETQ,ACETO CORP,2034,2017,Congress,CMLIX,811030
339,ACETQ,ACETO CORP,2034,2017,ASC,ASC,1577437
339,ACETQ,ACETO CORP,2034,2017,LLC,APO,1411494
362,AKRX,AKORN INC,3116,2017,FDA,FDAGX,320351
362,AKRX,AKORN INC,3116,2017,Company,BA,12927
362,AKRX,AKORN INC,3116,2017,Cardinal,CAH,721371
362,AKRX,AKORN INC,3116,2017,DEA,DEA,1622194
362,AKRX,AKORN INC,3116,2017,NDA,NDAQ,1120193
362,AKRX,AKORN INC,3116,2017,FCPA,FCPAX,729218
399,NATR,NATURES SUNSHINE PRODS INC,275053,2017,Company,BA,12927
399,NATR,NATURES SUNSHINE PRODS INC,275053,2017,FDA,FDAGX,320351
399,NATR,NATURES SUNSHINE PRODS INC,275053,2017,EPA,EPAM,1352010
399,NATR,NATURES SUNSHINE PRODS INC,275053,2017,State,X,1163302
399,NATR,NATURES SUNSHINE PRODS INC,275053,2017,FCPA,FCPAX,729218
454,SPPI,SPECTRUM PHARMACEUTICALS INC,831547,2017,NV,NVDA,1045810
454,SPPI,SPECTRUM PHARMACEUTICALS INC,831547,2017,ASP,AZPN,929940
454,SPPI,SPECTRUM PHARMACEUTICALS INC,831547,2017,CMS,CMS,811156
454,SPPI,SPECTRUM PHARMACEUTICALS INC,831547,2017,FDA,FDAGX,320351
454,SPPI,SPECTRUM PHARMACEUTICALS INC,831547,2017,IRB,IRBT,1159167
454,SPPI,SPECTRUM PHARMACEUTICALS INC,831547,2017,GCP,GCP,1644440
454,SPPI,SPECTRUM PHARMACEUTICALS INC,831547,2017,CMO,CMO,766701
454,SPPI,SPECTRUM PHARMACEUTICALS INC,831547,2017,AstraZeneca,AZN,901832
454,SPPI,SPECTRUM PHARMACEUTICALS INC,831547,2017,Bayer AG,BAYRY,1144145
454,SPPI,SPECTRUM PHARMACEUTICALS INC,831547,2017,Endo International,ENDP,1593034
454,SPPI,SPECTRUM PHARMACEUTICALS INC,831547,2017,Eli Lilly and Company,LLY,59478
454,SPPI,SPECTRUM PHARMACEUTICALS INC,831547,2017,Bristol-Myers Squibb Company,BMY,14272
454,SPPI,SPECTRUM PHARMACEUTICALS INC,831547,2017,"Seattle Genetics, Inc.",SGEN,1060736
454,SPPI,SPECTRUM PHARMACEUTICALS INC,831547,2017,Biogen Inc.,BIIB,875045
454,SPPI,SPECTRUM PHARMACEUTICALS INC,831547,2017,"Pfizer, Inc.",PFE,78003
454,SPPI,SPECTRUM PHARMACEUTICALS INC,831547,2017,Merck & Co. Inc.,MRK,310158
454,SPPI,SPECTRUM PHARMACEUTICALS INC,831547,2017,Celgene Corporation,CELG,816284
454,SPPI,SPECTRUM PHARMACEUTICALS INC,831547,2017,AbbVie Inc.,ABBV,1551152
454,SPPI,SPECTRUM PHARMACEUTICALS INC,831547,2017,"Poniard Pharmaceuticals, Inc.",PARD,755806
454,SPPI,SPECTRUM PHARMACEUTICALS INC,831547,2017,Johnson& Johnson,JNJ,200406
454,SPPI,SPECTRUM PHARMACEUTICALS INC,831547,2017,CRO,CRON,1656472
454,SPPI,SPECTRUM PHARMACEUTICALS INC,831547,2017,PTCL,PTCLX,1104631
454,SPPI,SPECTRUM PHARMACEUTICALS INC,831547,2017,Company,BA,12927
454,SPPI,SPECTRUM PHARMACEUTICALS INC,831547,2017,LLC,APO,1411494
454,SPPI,SPECTRUM PHARMACEUTICALS INC,831547,2017,RBC,RBC,82811
454,SPPI,SPECTRUM PHARMACEUTICALS INC,831547,2017,BlackRock Inc.,BLK,1364742
473,PDLI,PDL BIOPHARMA INC,882104,2017,Pharmaceutical,TEVA,818686
473,PDLI,PDL BIOPHARMA INC,882104,2017,Novartis,NVS,1114448
473,PDLI,PDL BIOPHARMA INC,882104,2017,FDA,FDAGX,320351
473,PDLI,PDL BIOPHARMA INC,882104,2017,NDA,NDAQ,1120193
473,PDLI,PDL BIOPHARMA INC,882104,2017,ACA,ACA,1739445
473,PDLI,PDL BIOPHARMA INC,882104,2017,Congress,CMLIX,811030
473,PDLI,PDL BIOPHARMA INC,882104,2017,FCPA,FCPAX,729218
473,PDLI,PDL BIOPHARMA INC,882104,2017,PMA,PMAIX,1331854
473,PDLI,PDL BIOPHARMA INC,882104,2017,"the Federal Food, Drug",CJJD,1413263
473,PDLI,PDL BIOPHARMA INC,882104,2017,GCP,GCP,1644440
473,PDLI,PDL BIOPHARMA INC,882104,2017,CMS,CMS,811156
473,PDLI,PDL BIOPHARMA INC,882104,2017,Abbott Laboratories,ABT,1800
473,PDLI,PDL BIOPHARMA INC,882104,2017,"AbbVie Biotherapeutics, Inc.",TSLA,1318605
473,PDLI,PDL BIOPHARMA INC,882104,2017,Abbott,ABT,1800
473,PDLI,PDL BIOPHARMA INC,882104,2017,AbbVie Inc.,ABBV,1551152
502,LGND,LIGAND PHARMACEUTICALS,886163,2017,Novartis,NVS,1114448
502,LGND,LIGAND PHARMACEUTICALS,886163,2017,Amgen,AMGN,318154
502,LGND,LIGAND PHARMACEUTICALS,886163,2017,FDA,FDAGX,320351
502,LGND,LIGAND PHARMACEUTICALS,886163,2017,NDA,NDAQ,1120193
502,LGND,LIGAND PHARMACEUTICALS,886163,2017,ANDA,ANDA,1691936
502,LGND,LIGAND PHARMACEUTICALS,886163,2017,"Teva Pharmaceuticals USA, Inc.",TSLA,1318605
502,LGND,LIGAND PHARMACEUTICALS,886163,2017,LLC,APO,1411494
502,LGND,LIGAND PHARMACEUTICALS,886163,2017,Healthcare,THC,70318
502,LGND,LIGAND PHARMACEUTICALS,886163,2017,ACA,ACA,1739445
502,LGND,LIGAND PHARMACEUTICALS,886163,2017,ASC,ASC,1577437
524,USNA,USANA HEALTH SCIENCES INC,896264,2017,Customers,CUBI,1488813
524,USNA,USANA HEALTH SCIENCES INC,896264,2017,Associates,MANH,1056696
524,USNA,USANA HEALTH SCIENCES INC,896264,2017,Customer,CUBI,1488813
524,USNA,USANA HEALTH SCIENCES INC,896264,2017,Associate,MANH,1056696
524,USNA,USANA HEALTH SCIENCES INC,896264,2017,USANA,USNA,896264
524,USNA,USANA HEALTH SCIENCES INC,896264,2017,FCPA,FCPAX,729218
524,USNA,USANA HEALTH SCIENCES INC,896264,2017,FDA,FDAGX,320351
524,USNA,USANA HEALTH SCIENCES INC,896264,2017,TGA,TGA,736744
524,USNA,USANA HEALTH SCIENCES INC,896264,2017,CFDA,CFDAX,1464413
524,USNA,USANA HEALTH SCIENCES INC,896264,2017,Management,NLY,1043219
524,USNA,USANA HEALTH SCIENCES INC,896264,2017,Company,BA,12927
544,ANIK,ANIKA THERAPEUTICS INC,898437,2017,FDA,FDAGX,320351
563,NKTR,NEKTAR THERAPEUTICS,906709,2017,Bristol-Myers Squibb,BMY,14272
563,NKTR,NEKTAR THERAPEUTICS,906709,2017,FDA,FDAGX,320351
563,NKTR,NEKTAR THERAPEUTICS,906709,2017,IRB,IRBT,1159167
563,NKTR,NEKTAR THERAPEUTICS,906709,2017,NDA,NDAQ,1120193
563,NKTR,NEKTAR THERAPEUTICS,906709,2017,AstraZeneca,AZN,901832
563,NKTR,NEKTAR THERAPEUTICS,906709,2017,OIC,OICAX,763852
563,NKTR,NEKTAR THERAPEUTICS,906709,2017,Bayer,BAYRY,1144145
563,NKTR,NEKTAR THERAPEUTICS,906709,2017,Lilly,LLY,59478
563,NKTR,NEKTAR THERAPEUTICS,906709,2017,Nektar,NKTR,906709
563,NKTR,NEKTAR THERAPEUTICS,906709,2017,Healthcare,THC,70318
563,NKTR,NEKTAR THERAPEUTICS,906709,2017,CMS,CMS,811156
563,NKTR,NEKTAR THERAPEUTICS,906709,2017,ASC,ASC,1577437
563,NKTR,NEKTAR THERAPEUTICS,906709,2017,Congress,CMLIX,811030
563,NKTR,NEKTAR THERAPEUTICS,906709,2017,Biogen Inc.,BIIB,875045
563,NKTR,NEKTAR THERAPEUTICS,906709,2017,"Savient Pharmaceuticals, Inc.",TSLA,1318605
563,NKTR,NEKTAR THERAPEUTICS,906709,2017,Laboratories Ltd.,RDY,1135951
563,NKTR,NEKTAR THERAPEUTICS,906709,2017,"Mountain View Pharmaceuticals, Inc.",TSLA,1318605
563,NKTR,NEKTAR THERAPEUTICS,906709,2017,A/S,AKS,918160
563,NKTR,NEKTAR THERAPEUTICS,906709,2017,"Merck& Co., Inc.",MRK,310158
563,NKTR,NEKTAR THERAPEUTICS,906709,2017,"Progenics Pharmaceuticals, Inc.",PGNX,835887
563,NKTR,NEKTAR THERAPEUTICS,906709,2017,"Salix Pharmaceuticals, Ltd.",MRVL,1058057
563,NKTR,NEKTAR THERAPEUTICS,906709,2017,Limited,BABA,1577552
563,NKTR,NEKTAR THERAPEUTICS,906709,2017,"Sucampo Pharmaceuticals, Inc.",TSLA,1318605
563,NKTR,NEKTAR THERAPEUTICS,906709,2017,Alkermes,ALKS,1520262
563,NKTR,NEKTAR THERAPEUTICS,906709,2017,"Theravance, Inc.",TBPH,1583107
563,NKTR,NEKTAR THERAPEUTICS,906709,2017,Takeda Pharmaceutical Company Limited,TAK,1395064
563,NKTR,NEKTAR THERAPEUTICS,906709,2017,Biogen,BIIB,875045
563,NKTR,NEKTAR THERAPEUTICS,906709,2017,"Acura Pharmaceuticals, Inc.",ACUR,786947
563,NKTR,NEKTAR THERAPEUTICS,906709,2017,"Cara Therapeutics, Inc.",CARA,1346830
563,NKTR,NEKTAR THERAPEUTICS,906709,2017,"Collegium Pharmaceutical, Inc.",COLL,1267565
563,NKTR,NEKTAR THERAPEUTICS,906709,2017,"Elite Pharmaceuticals, Inc.",ELTP,1053369
563,NKTR,NEKTAR THERAPEUTICS,906709,2017,"KemPharm, Inc.",KMPH,1434647
563,NKTR,NEKTAR THERAPEUTICS,906709,2017,"Pfizer, Inc.",PFE,78003
563,NKTR,NEKTAR THERAPEUTICS,906709,2017,Bristol-Myers Squibb Company,BMY,14272
563,NKTR,NEKTAR THERAPEUTICS,906709,2017,Eli Lilly& Co.,LLY,59478
563,NKTR,NEKTAR THERAPEUTICS,906709,2017,"Johnson, Pfizer Inc.",JNJ,200406
563,NKTR,NEKTAR THERAPEUTICS,906709,2017,TIL,TLRY,1731348
563,NKTR,NEKTAR THERAPEUTICS,906709,2017,LLC,APO,1411494
563,NKTR,NEKTAR THERAPEUTICS,906709,2017,Celgene Corporation,CELG,816284
563,NKTR,NEKTAR THERAPEUTICS,906709,2017,"Novartis, Alkermes, Altor",NVS,1114448
563,NKTR,NEKTAR THERAPEUTICS,906709,2017,Merck,MRK,310158
563,NKTR,NEKTAR THERAPEUTICS,906709,2017,"Targazyme, Inc.",TSLA,1318605
563,NKTR,NEKTAR THERAPEUTICS,906709,2017,"Tract Therapeutics, Inc.",TSLA,1318605
563,NKTR,NEKTAR THERAPEUTICS,906709,2017,Amgen Inc.,AMGN,318154
563,NKTR,NEKTAR THERAPEUTICS,906709,2017,"Tolera Therapeutics, Inc.",TSLA,1318605
563,NKTR,NEKTAR THERAPEUTICS,906709,2017,Caladrius BioSciences,CLBS,320017
597,ASRT,ASSERTIO THERAPEUTICS INC,1005201,2017,Collegium Pharmaceutical Inc.,COLL,1267565
597,ASRT,ASSERTIO THERAPEUTICS INC,1005201,2017,Collegium,COLL,1267565
597,ASRT,ASSERTIO THERAPEUTICS INC,1005201,2017,nnn,NNN,751364
597,ASRT,ASSERTIO THERAPEUTICS INC,1005201,2017,CAMBIA,CAMOX,878719
597,ASRT,ASSERTIO THERAPEUTICS INC,1005201,2017,"MiPharm, S.p",E,1002242
597,ASRT,ASSERTIO THERAPEUTICS INC,1005201,2017,FDA,FDAGX,320351
597,ASRT,ASSERTIO THERAPEUTICS INC,1005201,2017,FDCA,FDCAX,275309
597,ASRT,ASSERTIO THERAPEUTICS INC,1005201,2017,Court,HMG,311817
597,ASRT,ASSERTIO THERAPEUTICS INC,1005201,2017,ACA,ACA,1739445
597,ASRT,ASSERTIO THERAPEUTICS INC,1005201,2017,DEA,DEA,1622194
597,ASRT,ASSERTIO THERAPEUTICS INC,1005201,2017,Company,BA,12927
597,ASRT,ASSERTIO THERAPEUTICS INC,1005201,2017,"Endo Pharmaceuticals, Inc.",ENDP,1593034
597,ASRT,ASSERTIO THERAPEUTICS INC,1005201,2017,Congress,CMLIX,811030
597,ASRT,ASSERTIO THERAPEUTICS INC,1005201,2017,CSA,CSA,1332896
597,ASRT,ASSERTIO THERAPEUTICS INC,1005201,2017,III,III,1371489
597,ASRT,ASSERTIO THERAPEUTICS INC,1005201,2017,Ironwood,IRWD,1446847
597,ASRT,ASSERTIO THERAPEUTICS INC,1005201,2017,NDA,NDAQ,1120193
597,ASRT,ASSERTIO THERAPEUTICS INC,1005201,2017,ASC,ASC,1577437
597,ASRT,ASSERTIO THERAPEUTICS INC,1005201,2017,Starboard,MDCAX,1464413
614,ACOR,ACORDA THERAPEUTICS INC,1008848,2017,FDA,FDAGX,320351
614,ACOR,ACORDA THERAPEUTICS INC,1008848,2017,Court,HMG,311817
614,ACOR,ACORDA THERAPEUTICS INC,1008848,2017,NDA,NDAQ,1120193
614,ACOR,ACORDA THERAPEUTICS INC,1008848,2017,OFF,ODP,800240
614,ACOR,ACORDA THERAPEUTICS INC,1008848,2017,BLA,BX,1393818
614,ACOR,ACORDA THERAPEUTICS INC,1008848,2017,RTF,RTFCX,810695
614,ACOR,ACORDA THERAPEUTICS INC,1008848,2017,ARCUS,RCUS,1724521
614,ACOR,ACORDA THERAPEUTICS INC,1008848,2017,Alkermes,ALKS,1520262
614,ACOR,ACORDA THERAPEUTICS INC,1008848,2017,"Regis Technologies, Inc.",TSLA,1318605
614,ACOR,ACORDA THERAPEUTICS INC,1008848,2017,Chelsea,COGLF,1061288
614,ACOR,ACORDA THERAPEUTICS INC,1008848,2017,MS,MS,895421
614,ACOR,ACORDA THERAPEUTICS INC,1008848,2017,"the Federal Food, Drug & Cosmetic Act",CJJD,1413263
614,ACOR,ACORDA THERAPEUTICS INC,1008848,2017,Biogen,BIIB,875045
614,ACOR,ACORDA THERAPEUTICS INC,1008848,2017,VHCA,VHCAX,932471
614,ACOR,ACORDA THERAPEUTICS INC,1008848,2017,DOD,DODGX,29440
614,ACOR,ACORDA THERAPEUTICS INC,1008848,2017,ACA,ACA,1739445
614,ACOR,ACORDA THERAPEUTICS INC,1008848,2017,ASP,AZPN,929940
614,ACOR,ACORDA THERAPEUTICS INC,1008848,2017,Acorda,ACOR,1008848
614,ACOR,ACORDA THERAPEUTICS INC,1008848,2017,the U.S.,HCUSX,934563
614,ACOR,ACORDA THERAPEUTICS INC,1008848,2017,Congress,CMLIX,811030
614,ACOR,ACORDA THERAPEUTICS INC,1008848,2017,"Adamas Pharmaceuticals, Inc.",ADMS,1328143
614,ACOR,ACORDA THERAPEUTICS INC,1008848,2017,"Catalyst Pharmaceuticals, Inc.",CPRX,1369568
614,ACOR,ACORDA THERAPEUTICS INC,1008848,2017,Intec Pharma,NTEC,1638381
614,ACOR,ACORDA THERAPEUTICS INC,1008848,2017,Abbvie Inc.,ABBV,1551152
614,ACOR,ACORDA THERAPEUTICS INC,1008848,2017,"Alexza Pharmaceuticals, Inc.",TSLA,1318605
614,ACOR,ACORDA THERAPEUTICS INC,1008848,2017,MannKind Corporation,MNKD,899460
614,ACOR,ACORDA THERAPEUTICS INC,1008848,2017,"Pulmatrix, Inc.",PULM,1574235
614,ACOR,ACORDA THERAPEUTICS INC,1008848,2017,"Allergan, Inc.",AGN,1578845
614,ACOR,ACORDA THERAPEUTICS INC,1008848,2017,Novartis AG,NVS,1114448
614,ACOR,ACORDA THERAPEUTICS INC,1008848,2017,EMA,EMAN,1046995
627,ARQL,ARQULE INC,1019695,2017,AOL,AOLS,1261734
627,ARQL,ARQULE INC,1019695,2017,Biogen,BIIB,875045
627,ARQL,ARQULE INC,1019695,2017,Finance,ARI,1467760
627,ARQL,ARQULE INC,1019695,2017,Aware Inc.,AWRE,1015739
627,ARQL,ARQULE INC,1019695,2017,"Lightbridge, Inc.",LTBR,1084554
627,ARQL,ARQULE INC,1019695,2017,"Ziopharm Oncology, Inc.",ZIOP,1107421
627,ARQL,ARQULE INC,1019695,2017,FDA,FDAGX,320351
627,ARQL,ARQULE INC,1019695,2017,EMA,EMAN,1046995
627,ARQL,ARQULE INC,1019695,2017,HCC,HCC,1691303
627,ARQL,ARQULE INC,1019695,2017,NDA,NDAQ,1120193
627,ARQL,ARQULE INC,1019695,2017,AbbVie Inc.,ABBV,1551152
627,ARQL,ARQULE INC,1019695,2017,"Amgen, Inc.",AMGN,318154
627,ARQL,ARQULE INC,1019695,2017,"Ariad Pharmaceuticals, Inc.",TSLA,1318605
627,ARQL,ARQULE INC,1019695,2017,Array BioPharma Inc.,ARRY,1100412
627,ARQL,ARQULE INC,1019695,2017,AstraZeneca PLC,AZN,901832
627,ARQL,ARQULE INC,1019695,2017,Celgene Corporation,CELG,816284
627,ARQL,ARQULE INC,1019695,2017,"Curis, Inc.",CRIS,1108205
627,ARQL,ARQULE INC,1019695,2017,"Exelixis, Inc.",EXEL,939767
627,ARQL,ARQULE INC,1019695,2017,Eli Lilly and Company,LLY,59478
627,ARQL,ARQULE INC,1019695,2017,"Gilead Sciences, Inc.",GILD,882095
627,ARQL,ARQULE INC,1019695,2017,Incyte Corporation,INCY,879169
627,ARQL,ARQULE INC,1019695,2017,"Infinity Pharmaceuticals, Inc.",INFI,1113148
627,ARQL,ARQULE INC,1019695,2017,Merck,MRK,310158
627,ARQL,ARQULE INC,1019695,2017,Novartis AG,NVS,1114448
627,ARQL,ARQULE INC,1019695,2017,"Pfizer, Inc.",PFE,78003
627,ARQL,ARQULE INC,1019695,2017,"Principia Biopharma, Inc.",PRNB,1510487
627,ARQL,ARQULE INC,1019695,2017,"Sunesis Pharmaceuticals, Inc.",SNSS,1061027
627,ARQL,ARQULE INC,1019695,2017,Bayer,BAYRY,1144145
627,ARQL,ARQULE INC,1019695,2017,"Boehringer Ingelheim International GmbH, Eisai Co., Ltd.",ESALY,948406
627,ARQL,ARQULE INC,1019695,2017,Five Prime Therapeutics,FPRX,1175505
627,ARQL,ARQULE INC,1019695,2017,Johnson & Johnson,JNJ,200406
627,ARQL,ARQULE INC,1019695,2017,Novartis,NVS,1114448
627,ARQL,ARQULE INC,1019695,2017,"Agios Pharmaceuticals, Inc.",AGIO,1439222
627,ARQL,ARQULE INC,1019695,2017,Bristol-Myers Squibb,BMY,14272
627,ARQL,ARQULE INC,1019695,2017,"Dainippon Sumitomo Pharma Co., Ltd.",MRVL,1058057
627,ARQL,ARQULE INC,1019695,2017,"Delcath Systems, Inc.",DCTH,872912
627,ARQL,ARQULE INC,1019695,2017,"Spectrum Pharmaceuticals,",SPPI,831547
627,ARQL,ARQULE INC,1019695,2017,Eli Lilly,LLY,59478
627,ARQL,ARQULE INC,1019695,2017,"Rexahn Pharmaceuticals, Inc.",REXN,1228627
627,ARQL,ARQULE INC,1019695,2017,K,K,55067
627,ARQL,ARQULE INC,1019695,2017,Aptose Biosciences Inc.,APTO,882361
627,ARQL,ARQULE INC,1019695,2017,AbbVie,ABBV,1551152
627,ARQL,ARQULE INC,1019695,2017,"Astra Zeneca, BeiGene Co., Ltd.",MRVL,1058057
627,ARQL,ARQULE INC,1019695,2017,"Gilead, GlaxoSmithKline",GILD,882095
627,ARQL,ARQULE INC,1019695,2017,Principia Biopharma,PRNB,1510487
647,ANIP,ANI PHARMACEUTICALS INC,1023024,2017,FDA,FDAGX,320351
647,ANIP,ANI PHARMACEUTICALS INC,1023024,2017,NDA,NDAQ,1120193
647,ANIP,ANI PHARMACEUTICALS INC,1023024,2017,ANDA,ANDA,1691936
647,ANIP,ANI PHARMACEUTICALS INC,1023024,2017,ANI,ANIK,898437
647,ANIP,ANI PHARMACEUTICALS INC,1023024,2017,DEA,DEA,1622194
647,ANIP,ANI PHARMACEUTICALS INC,1023024,2017,CSA,CSA,1332896
647,ANIP,ANI PHARMACEUTICALS INC,1023024,2017,USP,USPH,885978
647,ANIP,ANI PHARMACEUTICALS INC,1023024,2017,WHI,WHR,106640
647,ANIP,ANI PHARMACEUTICALS INC,1023024,2017,NIH,NIHD,1037016
647,ANIP,ANI PHARMACEUTICALS INC,1023024,2017,United,UPS,1090727
647,ANIP,ANI PHARMACEUTICALS INC,1023024,2017,Congress,CMLIX,811030
647,ANIP,ANI PHARMACEUTICALS INC,1023024,2017,ACA,ACA,1739445
647,ANIP,ANI PHARMACEUTICALS INC,1023024,2017,PAS,EE,31978
647,ANIP,ANI PHARMACEUTICALS INC,1023024,2017,"However,nwe",NWE,73088
647,ANIP,ANI PHARMACEUTICALS INC,1023024,2017,Nomura,NMR,1163653
660,MTEX,MANNATECH INC,1056358,2017,FDA,FDAGX,320351
660,MTEX,MANNATECH INC,1056358,2017,Mannatech,MTEX,1056358
660,MTEX,MANNATECH INC,1056358,2017,Company,BA,12927
660,MTEX,MANNATECH INC,1056358,2017,MTech,MTEC,1719893
660,MTEX,MANNATECH INC,1056358,2017,GI,GILD,882095
679,UTHR,UNITED THERAPEUTICS CORP,1082554,2017,Lilly,LLY,59478
709,MDCO,MEDICINES COMPANY,1113481,2017,FDA,FDAGX,320351
709,MDCO,MEDICINES COMPANY,1113481,2017,NDA,NDAQ,1120193
709,MDCO,MEDICINES COMPANY,1113481,2017,BLA,BX,1393818
709,MDCO,MEDICINES COMPANY,1113481,2017,CRO,CRON,1656472
709,MDCO,MEDICINES COMPANY,1113481,2017,Mylan,MYL,1623613
709,MDCO,MEDICINES COMPANY,1113481,2017,Alnylam,ALNY,1178670
709,MDCO,MEDICINES COMPANY,1113481,2017,ASC,ASC,1577437
709,MDCO,MEDICINES COMPANY,1113481,2017,EMA,EMAN,1046995
709,MDCO,MEDICINES COMPANY,1113481,2017,SPC,SPCB,1291855
709,MDCO,MEDICINES COMPANY,1113481,2017,APP,AAPL,320193
709,MDCO,MEDICINES COMPANY,1113481,2017,Sun,SUN,1552275
709,MDCO,MEDICINES COMPANY,1113481,2017,Court,HMG,311817
731,ENTA,ENANTA PHARMACEUTICALS INC,1177648,2017,AbbVie,ABBV,1551152
731,ENTA,ENANTA PHARMACEUTICALS INC,1177648,2017,HCV,HCVEX,934563
731,ENTA,ENANTA PHARMACEUTICALS INC,1177648,2017,FDA,FDAGX,320351
731,ENTA,ENANTA PHARMACEUTICALS INC,1177648,2017,Johnson& Johnsonu00e2u20acu2122s,JNJ,200406
731,ENTA,ENANTA PHARMACEUTICALS INC,1177648,2017,Conatus,CNAT,1383701
731,ENTA,ENANTA PHARMACEUTICALS INC,1177648,2017,Galectin,GALT,1133416
731,ENTA,ENANTA PHARMACEUTICALS INC,1177648,2017,"Galmed, Gilead, GlaxoSmithKline",GLMD,1595353
731,ENTA,ENANTA PHARMACEUTICALS INC,1177648,2017,Novartis,NVS,1114448
731,ENTA,ENANTA PHARMACEUTICALS INC,1177648,2017,NGM,NGM,1426332
731,ENTA,ENANTA PHARMACEUTICALS INC,1177648,2017,Pfizer,PFE,78003
731,ENTA,ENANTA PHARMACEUTICALS INC,1177648,2017,Viking,VKTX,1607678
731,ENTA,ENANTA PHARMACEUTICALS INC,1177648,2017,Arena Pharmaceuticals,ARNA,1080709
731,ENTA,ENANTA PHARMACEUTICALS INC,1177648,2017,Can-Fite Biopharma,CANF,1536196
731,ENTA,ENANTA PHARMACEUTICALS INC,1177648,2017,"Cymabay, Durect, Genkyotex",CBAY,1042074
731,ENTA,ENANTA PHARMACEUTICALS INC,1177648,2017,Ionis,IONS,874015
731,ENTA,ENANTA PHARMACEUTICALS INC,1177648,2017,Arbutus,ABUS,1447028
731,ENTA,ENANTA PHARMACEUTICALS INC,1177648,2017,Gilead,GILD,882095
731,ENTA,ENANTA PHARMACEUTICALS INC,1177648,2017,HEC,HL,719413
731,ENTA,ENANTA PHARMACEUTICALS INC,1177648,2017,Johnson & Johnson,JNJ,200406
731,ENTA,ENANTA PHARMACEUTICALS INC,1177648,2017,Maxwell,MAXE,706471
731,ENTA,ENANTA PHARMACEUTICALS INC,1177648,2017,Spring Bank,SBPH,1566373
731,ENTA,ENANTA PHARMACEUTICALS INC,1177648,2017,Assembly,ASMB,1426800
731,ENTA,ENANTA PHARMACEUTICALS INC,1177648,2017,"Johnson& Johnson, Gilead and ReViral",JNJ,200406
731,ENTA,ENANTA PHARMACEUTICALS INC,1177648,2017,EMA,EMAN,1046995
731,ENTA,ENANTA PHARMACEUTICALS INC,1177648,2017,NDA,NDAQ,1120193
731,ENTA,ENANTA PHARMACEUTICALS INC,1177648,2017,GCP,GCP,1644440
731,ENTA,ENANTA PHARMACEUTICALS INC,1177648,2017,ACA,ACA,1739445
731,ENTA,ENANTA PHARMACEUTICALS INC,1177648,2017,the U.S.,HCUSX,934563
731,ENTA,ENANTA PHARMACEUTICALS INC,1177648,2017,Congress,CMLIX,811030
736,MNTA,MOMENTA PHARMACEUTICALS INC,1235010,2017,FDA,FDAGX,320351
736,MNTA,MOMENTA PHARMACEUTICALS INC,1235010,2017,Pfizer Inc.,PFE,78003
736,MNTA,MOMENTA PHARMACEUTICALS INC,1235010,2017,Mylan N.V.,MYL,1623613
736,MNTA,MOMENTA PHARMACEUTICALS INC,1235010,2017,CAFC,CAFCX,4405
736,MNTA,MOMENTA PHARMACEUTICALS INC,1235010,2017,MMA,MMAC,1003201
736,MNTA,MOMENTA PHARMACEUTICALS INC,1235010,2017,CVS Caremark,CVS,64803
736,MNTA,MOMENTA PHARMACEUTICALS INC,1235010,2017,CSL,CSL,790051
736,MNTA,MOMENTA PHARMACEUTICALS INC,1235010,2017,EMA,EMAN,1046995
736,MNTA,MOMENTA PHARMACEUTICALS INC,1235010,2017,the U.S. Government,HCUSX,934563
736,MNTA,MOMENTA PHARMACEUTICALS INC,1235010,2017,CMS,CMS,811156
736,MNTA,MOMENTA PHARMACEUTICALS INC,1235010,2017,Congress,CMLIX,811030
736,MNTA,MOMENTA PHARMACEUTICALS INC,1235010,2017,Mylan,MYL,1623613
750,PBH,PRESTIGE CONSUMER HEALTHCARE,1295947,2017,Healthcare,THC,70318
750,PBH,PRESTIGE CONSUMER HEALTHCARE,1295947,2017,Walmart,WMT,104169
750,PBH,PRESTIGE CONSUMER HEALTHCARE,1295947,2017,Fleet,FLT,1175454
750,PBH,PRESTIGE CONSUMER HEALTHCARE,1295947,2017,Company,BA,12927
750,PBH,PRESTIGE CONSUMER HEALTHCARE,1295947,2017,FDA,FDAGX,320351
750,PBH,PRESTIGE CONSUMER HEALTHCARE,1295947,2017,EPA,EPAM,1352010
763,SUPN,SUPERNUS PHARMACEUTICALS INC,1356576,2017,FDA,FDAGX,320351
763,SUPN,SUPERNUS PHARMACEUTICALS INC,1356576,2017,ANDA,ANDA,1691936
763,SUPN,SUPERNUS PHARMACEUTICALS INC,1356576,2017,IRB,IRBT,1159167
763,SUPN,SUPERNUS PHARMACEUTICALS INC,1356576,2017,NDA,NDAQ,1120193
763,SUPN,SUPERNUS PHARMACEUTICALS INC,1356576,2017,CMO,CMO,766701
763,SUPN,SUPERNUS PHARMACEUTICALS INC,1356576,2017,n Research,NRC,70487
763,SUPN,SUPERNUS PHARMACEUTICALS INC,1356576,2017,n Resources,NG,1173420
763,SUPN,SUPERNUS PHARMACEUTICALS INC,1356576,2017,"Cardinal Health,Inc.",CAH,721371
763,SUPN,SUPERNUS PHARMACEUTICALS INC,1356576,2017,United Therapeutics Corporation,UTHR,1082554
763,SUPN,SUPERNUS PHARMACEUTICALS INC,1356576,2017,L.P.,BX,1393818
763,SUPN,SUPERNUS PHARMACEUTICALS INC,1356576,2017,HealthCare,THC,70318
763,SUPN,SUPERNUS PHARMACEUTICALS INC,1356576,2017,Congress,CMLIX,811030
763,SUPN,SUPERNUS PHARMACEUTICALS INC,1356576,2017,nnn,NNN,751364
769,EBS,EMERGENT BIOSOLUTIONS INC,1367644,2017,FDA,FDAGX,320351
769,EBS,EMERGENT BIOSOLUTIONS INC,1367644,2017,SNS,SNSS,1061027
769,EBS,EMERGENT BIOSOLUTIONS INC,1367644,2017,HHS,HHS,45919
769,EBS,EMERGENT BIOSOLUTIONS INC,1367644,2017,GSK,GSK,1131399
769,EBS,EMERGENT BIOSOLUTIONS INC,1367644,2017,DoD,DODGX,29440
769,EBS,EMERGENT BIOSOLUTIONS INC,1367644,2017,BLA,BX,1393818
769,EBS,EMERGENT BIOSOLUTIONS INC,1367644,2017,MCM,FCX,831259
769,EBS,EMERGENT BIOSOLUTIONS INC,1367644,2017,Animal,ELAN,1739104
769,EBS,EMERGENT BIOSOLUTIONS INC,1367644,2017,BAT,BBBY,886158
769,EBS,EMERGENT BIOSOLUTIONS INC,1367644,2017,Biologic Products,CBPO,1369868
769,EBS,EMERGENT BIOSOLUTIONS INC,1367644,2017,"Pfizer, Inc.",PFE,78003
769,EBS,EMERGENT BIOSOLUTIONS INC,1367644,2017,Aptevo Therapeutics Inc.,APVO,1671584
769,EBS,EMERGENT BIOSOLUTIONS INC,1367644,2017,Aptevo,APVO,1671584
769,EBS,EMERGENT BIOSOLUTIONS INC,1367644,2017,Congress,CMLIX,811030